{"morocco_full":[[-9.8208,31.3819],[-9.2728,32.5622],[-8.5678,33.2197],[-7.8606,33.5264],[-6.2117,35.093],[-5.9375,35.7594],[-5.4525,35.9153],[-3.6503,35.2664],[-2.9861,35.4181],[-2.2094,35.0858],[-1.75,34.7517],[-1.015,32.5005],[-1.2131,32.0897],[-1.9311,32.1211],[-3.6178,30.9767],[-5.5231,29.9094],[-6.58,29.5686],[-7.4619,29.3886],[-8.6651,27.5895],[-8.6873,25.8811],[-10.1894,26.8609],[-11.7182,26.1041],[-11.9372,23.3746],[-12.9291,21.3271],[-14.751,21.5006],[-17.0634,20.9998],[-17.0204,21.4223],[-16.8452,21.3333],[-14.6308,21.8609],[-13.8911,23.691],[-12.501,24.7701],[-12.0308,26.0309],[-13.1728,27.6744],[-12.9581,27.9286],[-11.0494,28.7589],[-9.8375,30.7556],[-9.8208,31.3819]],"morocco":[[-9.053169,32.734802],[-9.018612,32.774437],[-8.936111,32.835831],[-8.63139,33.112221],[-8.613611,33.139717],[-8.56778,33.219719],[-8.498335,33.253883],[-8.446667,33.259438],[-8.355835,33.320274],[-8.305,33.375549],[-8.2425,33.396385],[-8.106945,33.424438],[-7.860556,33.526382],[-7.7075,33.576111],[-7.388612,33.718887],[-7.190556,33.811943],[-7.046945,33.865273],[-6.933333,33.941666],[-6.798889,34.058327],[-6.71639,34.196106],[-6.597778,34.376106],[-6.379168,34.721382],[-6.315278,34.834999],[-6.211667,35.093048],[-6.052222,35.450272],[-5.9375,35.759438],[-5.744445,35.80555],[-5.541112,35.843605],[-5.492223,35.893326],[-5.4525,35.915276],[-5.395556,35.909164],[-5.378612,35.873604],[-5.345834,35.84166],[-5.329722,35.737495],[-5.256667,35.580826],[-5.240834,35.568329],[-4.96639,35.366943],[-4.791667,35.250832],[-4.695834,35.208885],[-4.424167,35.151939],[-4.353889,35.146111],[-4.304723,35.165276],[-4.215556,35.18972],[-4.095278,35.213051],[-4.061389,35.233055],[-3.918334,35.260551],[-3.907222,35.23111],[-3.892778,35.215828],[-3.850556,35.19944],[-3.801667,35.203049],[-3.650278,35.266388],[-3.577222,35.226662],[-3.34,35.191383],[-3.168334,35.246941],[-3.066389,35.289444],[-2.986111,35.418053],[-2.958611,35.324997],[-2.971111,35.306389],[-2.962778,35.274994],[-2.944445,35.263329],[-2.914722,35.273605],[-2.910556,35.20472],[-2.901667,35.163055],[-2.841667,35.126938],[-2.790945,35.121273],[-2.773612,35.121777],[-2.794167,35.147217],[-2.883334,35.22583],[-2.885556,35.242775],[-2.814167,35.18972],[-2.752056,35.144165],[-2.743556,35.13483],[-2.619445,35.097221],[-2.516945,35.098328],[-2.343056,35.123604],[-2.209445,35.085831],[-2.196389,35.026665],[-1.856389,34.801384],[-1.784167,34.766937],[-1.75,34.751663],[-1.795833,34.670555],[-1.824722,34.645828],[-1.8575,34.610275],[-1.7425,34.505272],[-1.716944,34.496666],[-1.686711,34.485512],[-1.750556,34.349442],[-1.654444,34.083611],[-1.710278,33.8825],[-1.729511,33.70153],[-1.701389,33.68055],[-1.656389,33.666107],[-1.606667,33.595276],[-1.600278,33.556938],[-1.625278,33.451111],[-1.664722,33.38916],[-1.669722,33.357216],[-1.646111,33.226387],[-1.517222,33.088608],[-1.482778,33.067497],[-1.4775,33.046661],[-1.478333,33.009995],[-1.493056,32.969444],[-1.266945,32.667221],[-1.015,32.500549],[-1.115278,32.418327],[-1.150556,32.409996],[-1.186111,32.409721],[-1.211111,32.38916],[-1.251111,32.32],[-1.29,32.177498],[-1.2925,32.159164],[-1.273611,32.155273],[-1.2125,32.175278],[-1.173889,32.133888],[-1.180556,32.11055],[-1.213056,32.089722],[-1.280556,32.089996],[-1.304167,32.099442],[-1.4925,32.107773],[-1.931111,32.121109],[-2.106389,32.136665],[-2.264167,32.154716],[-2.345278,32.156944],[-2.853889,32.088333],[-2.894444,32.069443],[-2.938056,32.028885],[-2.948334,31.96611],[-2.945834,31.93111],[-2.959445,31.868889],[-2.999444,31.833332],[-3.234723,31.758053],[-3.42,31.707775],[-3.518611,31.672775],[-3.569167,31.682499],[-3.650834,31.707775],[-3.685278,31.715832],[-3.785278,31.706944],[-3.818334,31.695553],[-3.835,31.650276],[-3.840834,31.47583],[-3.8175,31.441944],[-3.826945,31.16972],[-3.818889,31.153332],[-3.788889,31.148609],[-3.602222,31.095554],[-3.5925,31.02861],[-3.617778,30.976665],[-3.696389,30.944443],[-3.743056,30.94083],[-3.840556,30.938053],[-3.9875,30.918331],[-4.027223,30.906666],[-4.134167,30.802219],[-4.169168,30.769165],[-4.231668,30.734997],[-4.342223,30.69083],[-4.396945,30.648331],[-4.467778,30.631664],[-4.920556,30.508053],[-4.964723,30.469719],[-5.010834,30.393887],[-5.076389,30.269165],[-5.144723,30.186665],[-5.223056,30.107498],[-5.343056,30.00333],[-5.523056,29.909443],[-5.574445,29.894997],[-5.694445,29.889164],[-5.898324,29.856668],[-5.983056,29.831665],[-6.045279,29.834999],[-6.081112,29.8475],[-6.132778,29.848888],[-6.166667,29.838333],[-6.200001,29.803608],[-6.231668,29.798885],[-6.482223,29.736111],[-6.508612,29.638885],[-6.531389,29.609165],[-6.580001,29.568607],[-6.635556,29.566109],[-6.723056,29.584721],[-6.745001,29.594444],[-6.840834,29.612221],[-7.123889,29.636944],[-7.293889,29.541386],[-7.319445,29.514442],[-7.356389,29.461666],[-7.461945,29.388611],[-7.539445,29.389721],[-7.603333,29.394722],[-7.644723,29.384998],[-7.690278,29.34111],[-8.137222,29.059719],[-8.176945,29.040833],[-8.361946,28.916111],[-8.393057,28.880554],[-8.412224,28.8475],[-8.555557,28.769722],[-8.628334,28.732777],[-8.666668,27.666664],[-9.667223,27.666664],[-10,27.666386],[-10.120514,27.664772],[-13.067501,27.666111],[-13.172779,27.674442],[-13.14389,27.704166],[-13.046112,27.75333],[-13.021112,27.77972],[-12.977222,27.889442],[-12.958057,27.928608],[-12.764446,27.978886],[-12.382502,28.031109],[-11.941946,28.148052],[-11.546667,28.290554],[-11.458057,28.334442],[-11.303335,28.524719],[-11.106668,28.691944],[-11.084446,28.734722],[-11.049446,28.758888],[-10.644445,28.945],[-10.606668,28.96611],[-10.505001,29.041943],[-10.438334,29.101109],[-10.423056,29.130554],[-10.345835,29.23111],[-10.2875,29.273609],[-10.253334,29.291382],[-10.224724,29.321941],[-10.074446,29.543053],[-10.060278,29.588333],[-9.807779,29.848888],[-9.769724,29.906387],[-9.660278,30.10611],[-9.608612,30.370277],[-9.607779,30.402775],[-9.708334,30.547222],[-9.833057,30.62833],[-9.837502,30.755554],[-9.812223,30.820274],[-9.825556,30.94611],[-9.843056,31.131664],[-9.816668,31.250553],[-9.806112,31.285],[-9.804167,31.342777],[-9.820835,31.381943],[-9.775278,31.503052],[-9.685001,31.67083],[-9.643057,31.755833],[-9.375,32.014442],[-9.281113,32.175552],[-9.260557,32.316383],[-9.281389,32.54055],[-9.272779,32.562218],[-9.135557,32.664719],[-9.053169,32.734802],[-9.053169,32.734802]],"sahara":[[-8.794884,27.120696],[-8.817828,27.656426],[-8.66559,27.656426],[-8.665124,27.589479],[-8.6844,27.395744],[-8.687294,25.881056],[-11.969419,25.933353],[-11.937224,23.374594],[-12.874222,23.284832],[-13.118754,22.77122],[-12.929102,21.327071],[-16.845194,21.333323],[-17.063423,20.999752],[-17.020428,21.42231],[-17.002962,21.420734],[-14.750955,21.5006],[-14.630833,21.86094],[-14.221168,22.310163],[-13.89111,23.691009],[-12.500963,24.770116],[-12.030759,26.030866],[-11.71822,26.104092],[-11.392555,26.883424],[-10.551263,26.990808],[-10.189424,26.860945],[-9.735343,26.860945],[-9.413037,27.088476],[-8.794884,27.120696]]}